[
	{
		"name": "Picnic in the park",
		"description": "Picnic at a local park",
		"locations": [
			{
				"area": "Brooklyn",
				"date": "2025/10/09",
				"capacity": 25
			},
			{
				"area": "Rosebank",
				"date": "2025/11/06",
				"capacity": 10
			}
		]
	},
	{
		"name": "Festival",
		"description": "Festival of lights",
		"locations": [
			{
				"area": "Hatfield",
				"date": "2025/11/05",
				"capacity": 15
			},
			{
				"area": "Benoni",
				"date": "2025/11/07",
				"capacity": 30
			}
		]
	},
	{
		"name": "Pumpkin picking",
		"description": "Pumpkin picking with friends",
		"locations": [
			{
				"area": "Brooklyn",
				"date": "2025/10/18",
				"capacity": 18
			}
		]
	},
	{
		"name": "Charity marathon",
		"description": "Fundraiser 5KM marathon",
		"locations": [
			{
				"area": "Brooklyn",
				"date": "2025/10/08",
				"capacity": 50
			},
			{
				"area": "Hatfield",
				"date": "2025/11/08",
				"capacity": 40
			}
		]
	},
	{
		"name": "Concert",
		"description": "Rock and roll concert with a few artists performing",
		"locations": [
			{
				"area": "Sandton",
				"date": "2025/12/06",
				"capacity": 15
			},
			{
				"area": "Rosebank",
				"date": "2025/11/10",
				"capacity": 45
			}
		]
	},
	{
		"name": "Farmers market",
		"description": "Farmers market with musicians and good food",
		"locations": [
			{
				"area": "Brooklyn",
				"date": "2025/10/25",
				"capacity": 10
			},
			{
				"area": "Rustenburg",
				"date": "2025/10/26",
				"capacity": 12
			}
		]
	},
	{
		"name": "Quiz night",
		"description": "Quiz night at a local bar",
		"locations": [
			{
				"area": "Brooklyn",
				"date": "2025/10/26",
				"capacity": 20
			},
			{
				"area": "Moreleta Park",
				"date": "2025/12/13",
				"capacity": 8
			}
		]
	}
]
